case_id,true_state,is_fraud,e1_new_account,e2_domain_mismatch,verified,e3_confirms,fraud_prob_pre_verification,final_fraud_prob,action,outcome,case_cost_rs
1,Genuine,0,1,0,1,1,0.62522,0.093602,Escalate,FP,2300
2,Genuine,0,0,0,1,1,0.012353,0.002128,Pay,TN,300
3,Genuine,0,1,0,1,1,0.62522,0.093602,Escalate,FP,2300
4,Genuine,0,0,0,1,1,0.012353,0.002128,Pay,TN,300
5,Genuine,0,0,0,1,1,0.012353,0.002128,Pay,TN,300
6,Genuine,0,0,0,1,1,0.012353,0.002128,Pay,TN,300
7,Impersonation,1,1,1,0,,1.0,1.0,Escalate,TP,0
8,Genuine,0,0,0,1,1,0.012353,0.002128,Pay,TN,300
9,Genuine,0,0,0,1,1,0.012353,0.002128,Pay,TN,300
10,Genuine,0,0,0,1,1,0.012353,0.002128,Pay,TN,300
11,Genuine,0,0,0,1,1,0.012353,0.002128,Pay,TN,300
12,Genuine,0,0,0,1,1,0.012353,0.002128,Pay,TN,300
13,Genuine,0,0,0,1,1,0.012353,0.002128,Pay,TN,300
14,Genuine,0,0,0,1,1,0.012353,0.002128,Pay,TN,300
15,Genuine,0,0,0,1,1,0.012353,0.002128,Pay,TN,300
16,Genuine,0,0,0,1,1,0.012353,0.002128,Pay,TN,300
17,Genuine,0,0,0,1,1,0.012353,0.002128,Pay,TN,300
18,Genuine,0,0,0,1,1,0.012353,0.002128,Pay,TN,300
19,Impersonation,1,1,1,0,,1.0,1.0,Escalate,TP,0
20,Genuine,0,0,0,1,1,0.012353,0.002128,Pay,TN,300
21,Genuine,0,0,0,1,1,0.012353,0.002128,Pay,TN,300
22,Genuine,0,0,0,1,1,0.012353,0.002128,Pay,TN,300
23,Something else,1,0,1,0,,1.0,1.0,Escalate,TP,0
24,Genuine,0,0,0,1,1,0.012353,0.002128,Pay,TN,300
25,Genuine,0,0,0,1,0,0.012353,0.095745,Escalate,FP,2300
26,Genuine,0,0,0,1,1,0.012353,0.002128,Pay,TN,300
27,Genuine,0,0,0,1,1,0.012353,0.002128,Pay,TN,300
28,Genuine,0,0,0,1,1,0.012353,0.002128,Pay,TN,300
29,Impersonation,1,1,1,0,,1.0,1.0,Escalate,TP,0
30,Genuine,0,0,0,1,1,0.012353,0.002128,Pay,TN,300
31,Genuine,0,0,0,1,1,0.012353,0.002128,Pay,TN,300
32,Genuine,0,0,0,1,1,0.012353,0.002128,Pay,TN,300
33,Genuine,0,0,0,1,0,0.012353,0.095745,Escalate,FP,2300
34,Compromised,1,1,0,1,0,0.62522,0.940309,Escalate,TP,300
35,Compromised,1,0,0,1,0,0.012353,0.095745,Escalate,TP,300
36,Genuine,0,0,0,1,1,0.012353,0.002128,Pay,TN,300
37,Genuine,0,0,0,1,1,0.012353,0.002128,Pay,TN,300
38,Genuine,0,0,0,1,1,0.012353,0.002128,Pay,TN,300
39,Genuine,0,0,0,1,1,0.012353,0.002128,Pay,TN,300
40,Genuine,0,0,0,1,1,0.012353,0.002128,Pay,TN,300
41,Genuine,0,0,0,1,1,0.012353,0.002128,Pay,TN,300
42,Genuine,0,0,0,1,0,0.012353,0.095745,Escalate,FP,2300
43,Compromised,1,1,0,1,0,0.62522,0.940309,Escalate,TP,300
44,Genuine,0,0,0,1,1,0.012353,0.002128,Pay,TN,300
45,Genuine,0,0,0,1,1,0.012353,0.002128,Pay,TN,300
46,Genuine,0,0,0,1,1,0.012353,0.002128,Pay,TN,300
47,Genuine,0,0,0,1,1,0.012353,0.002128,Pay,TN,300
48,Genuine,0,0,0,1,1,0.012353,0.002128,Pay,TN,300
49,Genuine,0,0,0,1,1,0.012353,0.002128,Pay,TN,300
50,Genuine,0,0,0,1,1,0.012353,0.002128,Pay,TN,300
51,Genuine,0,0,0,1,1,0.012353,0.002128,Pay,TN,300
52,Impersonation,1,0,1,0,,1.0,1.0,Escalate,TP,0
53,Genuine,0,0,0,1,1,0.012353,0.002128,Pay,TN,300
54,Genuine,0,0,0,1,1,0.012353,0.002128,Pay,TN,300
55,Genuine,0,0,0,1,0,0.012353,0.095745,Escalate,FP,2300
56,Something else,1,0,0,1,1,0.012353,0.002128,Pay,FN,800300
57,Genuine,0,0,0,1,1,0.012353,0.002128,Pay,TN,300
58,Genuine,0,0,0,1,1,0.012353,0.002128,Pay,TN,300
59,Compromised,1,1,0,1,0,0.62522,0.940309,Escalate,TP,300
60,Genuine,0,0,0,1,1,0.012353,0.002128,Pay,TN,300
61,Genuine,0,0,0,1,1,0.012353,0.002128,Pay,TN,300
62,Genuine,0,0,0,1,1,0.012353,0.002128,Pay,TN,300
63,Impersonation,1,1,1,0,,1.0,1.0,Escalate,TP,0
64,Genuine,0,0,0,1,1,0.012353,0.002128,Pay,TN,300
65,Genuine,0,0,0,1,1,0.012353,0.002128,Pay,TN,300
66,Something else,1,0,1,0,,1.0,1.0,Escalate,TP,0
67,Genuine,0,0,0,1,1,0.012353,0.002128,Pay,TN,300
68,Compromised,1,1,0,1,0,0.62522,0.940309,Escalate,TP,300
69,Genuine,0,0,0,1,1,0.012353,0.002128,Pay,TN,300
70,Genuine,0,0,0,1,1,0.012353,0.002128,Pay,TN,300
71,Impersonation,1,1,1,0,,1.0,1.0,Escalate,TP,0
72,Genuine,0,0,0,1,1,0.012353,0.002128,Pay,TN,300
73,Genuine,0,0,0,1,1,0.012353,0.002128,Pay,TN,300
74,Genuine,0,0,0,1,1,0.012353,0.002128,Pay,TN,300
75,Genuine,0,0,0,1,1,0.012353,0.002128,Pay,TN,300
76,Genuine,0,0,0,1,1,0.012353,0.002128,Pay,TN,300
77,Genuine,0,1,0,1,1,0.62522,0.093602,Escalate,FP,2300
78,Compromised,1,1,0,1,0,0.62522,0.940309,Escalate,TP,300
79,Genuine,0,0,0,1,1,0.012353,0.002128,Pay,TN,300
80,Genuine,0,0,0,1,1,0.012353,0.002128,Pay,TN,300
81,Genuine,0,0,0,1,1,0.012353,0.002128,Pay,TN,300
82,Genuine,0,0,0,1,0,0.012353,0.095745,Escalate,FP,2300
83,Compromised,1,0,0,1,0,0.012353,0.095745,Escalate,TP,300
84,Genuine,0,0,0,1,0,0.012353,0.095745,Escalate,FP,2300
85,Genuine,0,0,0,1,1,0.012353,0.002128,Pay,TN,300
86,Genuine,0,0,0,1,1,0.012353,0.002128,Pay,TN,300
87,Genuine,0,0,0,1,1,0.012353,0.002128,Pay,TN,300
88,Genuine,0,0,0,1,1,0.012353,0.002128,Pay,TN,300
89,Genuine,0,0,0,1,1,0.012353,0.002128,Pay,TN,300
90,Genuine,0,0,0,1,1,0.012353,0.002128,Pay,TN,300
91,Impersonation,1,1,0,1,0,0.62522,0.940309,Escalate,TP,300
92,Impersonation,1,1,1,0,,1.0,1.0,Escalate,TP,0
93,Genuine,0,0,0,1,1,0.012353,0.002128,Pay,TN,300
94,Genuine,0,0,0,1,1,0.012353,0.002128,Pay,TN,300
95,Genuine,0,1,0,1,1,0.62522,0.093602,Escalate,FP,2300
96,Genuine,0,0,0,1,1,0.012353,0.002128,Pay,TN,300
97,Genuine,0,0,0,1,1,0.012353,0.002128,Pay,TN,300
98,Genuine,0,0,0,1,1,0.012353,0.002128,Pay,TN,300
99,Genuine,0,0,0,1,1,0.012353,0.002128,Pay,TN,300
100,Genuine,0,0,0,1,0,0.012353,0.095745,Escalate,FP,2300
101,Genuine,0,0,0,1,1,0.012353,0.002128,Pay,TN,300
102,Genuine,0,0,0,1,1,0.012353,0.002128,Pay,TN,300
103,Genuine,0,0,0,1,1,0.012353,0.002128,Pay,TN,300
104,Compromised,1,1,0,1,0,0.62522,0.940309,Escalate,TP,300
105,Genuine,0,0,0,1,1,0.012353,0.002128,Pay,TN,300
106,Genuine,0,0,0,1,1,0.012353,0.002128,Pay,TN,300
107,Genuine,0,0,0,1,1,0.012353,0.002128,Pay,TN,300
108,Genuine,0,0,0,1,1,0.012353,0.002128,Pay,TN,300
109,Genuine,0,0,0,1,1,0.012353,0.002128,Pay,TN,300
110,Genuine,0,0,0,1,1,0.012353,0.002128,Pay,TN,300
111,Genuine,0,0,0,1,1,0.012353,0.002128,Pay,TN,300
112,Genuine,0,0,0,1,1,0.012353,0.002128,Pay,TN,300
113,Genuine,0,0,0,1,1,0.012353,0.002128,Pay,TN,300
114,Impersonation,1,1,1,0,,1.0,1.0,Escalate,TP,0
115,Genuine,0,0,0,1,1,0.012353,0.002128,Pay,TN,300
116,Compromised,1,1,0,1,0,0.62522,0.940309,Escalate,TP,300
117,Genuine,0,0,0,1,1,0.012353,0.002128,Pay,TN,300
118,Genuine,0,0,0,1,1,0.012353,0.002128,Pay,TN,300
119,Genuine,0,0,0,1,1,0.012353,0.002128,Pay,TN,300
120,Genuine,0,0,0,1,1,0.012353,0.002128,Pay,TN,300
121,Genuine,0,0,0,1,1,0.012353,0.002128,Pay,TN,300
122,Genuine,0,0,0,1,1,0.012353,0.002128,Pay,TN,300
123,Compromised,1,1,0,1,1,0.62522,0.093602,Escalate,TP,300
124,Genuine,0,0,0,1,0,0.012353,0.095745,Escalate,FP,2300
125,Genuine,0,0,0,1,1,0.012353,0.002128,Pay,TN,300
126,Genuine,0,0,0,1,1,0.012353,0.002128,Pay,TN,300
127,Genuine,0,0,0,1,1,0.012353,0.002128,Pay,TN,300
128,Genuine,0,0,0,1,1,0.012353,0.002128,Pay,TN,300
129,Genuine,0,0,0,1,1,0.012353,0.002128,Pay,TN,300
130,Genuine,0,0,0,1,1,0.012353,0.002128,Pay,TN,300
131,Genuine,0,0,0,1,1,0.012353,0.002128,Pay,TN,300
132,Genuine,0,0,0,1,1,0.012353,0.002128,Pay,TN,300
133,Genuine,0,0,0,1,1,0.012353,0.002128,Pay,TN,300
134,Genuine,0,0,0,1,1,0.012353,0.002128,Pay,TN,300
135,Impersonation,1,1,1,0,,1.0,1.0,Escalate,TP,0
136,Genuine,0,0,0,1,1,0.012353,0.002128,Pay,TN,300
137,Genuine,0,0,0,1,1,0.012353,0.002128,Pay,TN,300
138,Genuine,0,0,0,1,1,0.012353,0.002128,Pay,TN,300
139,Impersonation,1,1,1,0,,1.0,1.0,Escalate,TP,0
140,Genuine,0,0,0,1,1,0.012353,0.002128,Pay,TN,300
141,Genuine,0,0,0,1,1,0.012353,0.002128,Pay,TN,300
142,Genuine,0,0,0,1,1,0.012353,0.002128,Pay,TN,300
143,Genuine,0,0,0,1,1,0.012353,0.002128,Pay,TN,300
144,Genuine,0,0,0,1,1,0.012353,0.002128,Pay,TN,300
145,Genuine,0,0,0,1,0,0.012353,0.095745,Escalate,FP,2300
146,Genuine,0,0,0,1,1,0.012353,0.002128,Pay,TN,300
147,Genuine,0,0,0,1,1,0.012353,0.002128,Pay,TN,300
148,Genuine,0,0,0,1,1,0.012353,0.002128,Pay,TN,300
149,Genuine,0,0,0,1,1,0.012353,0.002128,Pay,TN,300
150,Compromised,1,1,0,1,0,0.62522,0.940309,Escalate,TP,300
151,Genuine,0,1,0,1,1,0.62522,0.093602,Escalate,FP,2300
152,Genuine,0,0,0,1,1,0.012353,0.002128,Pay,TN,300
153,Genuine,0,0,0,1,0,0.012353,0.095745,Escalate,FP,2300
154,Genuine,0,0,0,1,1,0.012353,0.002128,Pay,TN,300
155,Genuine,0,0,0,1,1,0.012353,0.002128,Pay,TN,300
156,Genuine,0,0,0,1,1,0.012353,0.002128,Pay,TN,300
157,Genuine,0,0,0,1,1,0.012353,0.002128,Pay,TN,300
158,Genuine,0,0,0,1,1,0.012353,0.002128,Pay,TN,300
159,Genuine,0,0,0,1,1,0.012353,0.002128,Pay,TN,300
160,Genuine,0,0,0,1,1,0.012353,0.002128,Pay,TN,300
161,Genuine,0,0,0,1,1,0.012353,0.002128,Pay,TN,300
162,Genuine,0,0,0,1,1,0.012353,0.002128,Pay,TN,300
163,Genuine,0,1,0,1,1,0.62522,0.093602,Escalate,FP,2300
164,Insider,1,1,0,1,0,0.62522,0.940309,Escalate,TP,300
165,Compromised,1,1,0,1,0,0.62522,0.940309,Escalate,TP,300
166,Genuine,0,0,0,1,1,0.012353,0.002128,Pay,TN,300
167,Impersonation,1,1,1,0,,1.0,1.0,Escalate,TP,0
168,Genuine,0,0,0,1,1,0.012353,0.002128,Pay,TN,300
169,Genuine,0,0,0,1,0,0.012353,0.095745,Escalate,FP,2300
170,Genuine,0,0,0,1,1,0.012353,0.002128,Pay,TN,300
171,Genuine,0,0,0,1,1,0.012353,0.002128,Pay,TN,300
172,Compromised,1,0,0,1,0,0.012353,0.095745,Escalate,TP,300
173,Genuine,0,0,0,1,1,0.012353,0.002128,Pay,TN,300
174,Genuine,0,0,0,1,1,0.012353,0.002128,Pay,TN,300
175,Genuine,0,1,0,1,1,0.62522,0.093602,Escalate,FP,2300
176,Genuine,0,0,0,1,1,0.012353,0.002128,Pay,TN,300
177,Genuine,0,0,0,1,1,0.012353,0.002128,Pay,TN,300
178,Genuine,0,0,0,1,1,0.012353,0.002128,Pay,TN,300
179,Genuine,0,0,0,1,1,0.012353,0.002128,Pay,TN,300
180,Genuine,0,0,0,1,1,0.012353,0.002128,Pay,TN,300
181,Genuine,0,0,0,1,1,0.012353,0.002128,Pay,TN,300
182,Genuine,0,0,0,1,1,0.012353,0.002128,Pay,TN,300
183,Genuine,0,1,0,1,1,0.62522,0.093602,Escalate,FP,2300
184,Genuine,0,0,0,1,1,0.012353,0.002128,Pay,TN,300
185,Genuine,0,0,0,1,1,0.012353,0.002128,Pay,TN,300
186,Genuine,0,1,0,1,1,0.62522,0.093602,Escalate,FP,2300
187,Genuine,0,0,0,1,1,0.012353,0.002128,Pay,TN,300
188,Genuine,0,0,0,1,1,0.012353,0.002128,Pay,TN,300
189,Genuine,0,0,0,1,1,0.012353,0.002128,Pay,TN,300
190,Genuine,0,0,0,1,1,0.012353,0.002128,Pay,TN,300
191,Genuine,0,0,0,1,1,0.012353,0.002128,Pay,TN,300
192,Insider,1,1,0,1,0,0.62522,0.940309,Escalate,TP,300
193,Genuine,0,0,0,1,1,0.012353,0.002128,Pay,TN,300
194,Genuine,0,0,0,1,1,0.012353,0.002128,Pay,TN,300
195,Genuine,0,0,0,1,1,0.012353,0.002128,Pay,TN,300
196,Genuine,0,0,0,1,1,0.012353,0.002128,Pay,TN,300
197,Genuine,0,0,0,1,1,0.012353,0.002128,Pay,TN,300
198,Genuine,0,0,0,1,1,0.012353,0.002128,Pay,TN,300
199,Genuine,0,0,0,1,1,0.012353,0.002128,Pay,TN,300
200,Genuine,0,0,0,1,0,0.012353,0.095745,Escalate,FP,2300
201,Genuine,0,0,0,1,0,0.012353,0.095745,Escalate,FP,2300
202,Genuine,0,0,0,1,1,0.012353,0.002128,Pay,TN,300
203,Genuine,0,0,0,1,1,0.012353,0.002128,Pay,TN,300
204,Genuine,0,0,0,1,1,0.012353,0.002128,Pay,TN,300
205,Something else,1,1,1,0,,1.0,1.0,Escalate,TP,0
206,Genuine,0,0,0,1,1,0.012353,0.002128,Pay,TN,300
207,Genuine,0,0,0,1,1,0.012353,0.002128,Pay,TN,300
208,Genuine,0,0,0,1,1,0.012353,0.002128,Pay,TN,300
209,Genuine,0,0,0,1,1,0.012353,0.002128,Pay,TN,300
210,Genuine,0,0,0,1,1,0.012353,0.002128,Pay,TN,300
211,Genuine,0,0,0,1,1,0.012353,0.002128,Pay,TN,300
212,Compromised,1,1,0,1,0,0.62522,0.940309,Escalate,TP,300
213,Genuine,0,0,0,1,1,0.012353,0.002128,Pay,TN,300
214,Genuine,0,0,0,1,1,0.012353,0.002128,Pay,TN,300
215,Genuine,0,0,0,1,1,0.012353,0.002128,Pay,TN,300
216,Genuine,0,0,0,1,1,0.012353,0.002128,Pay,TN,300
217,Compromised,1,1,0,1,0,0.62522,0.940309,Escalate,TP,300
218,Impersonation,1,0,1,0,,1.0,1.0,Escalate,TP,0
219,Genuine,0,0,0,1,1,0.012353,0.002128,Pay,TN,300
220,Genuine,0,0,0,1,1,0.012353,0.002128,Pay,TN,300
221,Genuine,0,0,0,1,1,0.012353,0.002128,Pay,TN,300
222,Genuine,0,0,0,1,1,0.012353,0.002128,Pay,TN,300
223,Genuine,0,0,0,1,1,0.012353,0.002128,Pay,TN,300
224,Impersonation,1,1,1,0,,1.0,1.0,Escalate,TP,0
225,Genuine,0,0,0,1,1,0.012353,0.002128,Pay,TN,300
226,Compromised,1,1,0,1,0,0.62522,0.940309,Escalate,TP,300
227,Genuine,0,0,0,1,1,0.012353,0.002128,Pay,TN,300
228,Genuine,0,0,0,1,1,0.012353,0.002128,Pay,TN,300
229,Genuine,0,0,0,1,1,0.012353,0.002128,Pay,TN,300
230,Something else,1,1,0,1,0,0.62522,0.940309,Escalate,TP,300
231,Genuine,0,0,0,1,1,0.012353,0.002128,Pay,TN,300
232,Genuine,0,0,0,1,0,0.012353,0.095745,Escalate,FP,2300
233,Genuine,0,0,0,1,1,0.012353,0.002128,Pay,TN,300
234,Genuine,0,0,0,1,1,0.012353,0.002128,Pay,TN,300
235,Genuine,0,0,0,1,0,0.012353,0.095745,Escalate,FP,2300
236,Genuine,0,0,0,1,1,0.012353,0.002128,Pay,TN,300
237,Genuine,0,0,0,1,1,0.012353,0.002128,Pay,TN,300
238,Genuine,0,0,0,1,0,0.012353,0.095745,Escalate,FP,2300
239,Genuine,0,0,0,1,1,0.012353,0.002128,Pay,TN,300
240,Genuine,0,0,0,1,1,0.012353,0.002128,Pay,TN,300
241,Genuine,0,0,0,1,1,0.012353,0.002128,Pay,TN,300
242,Impersonation,1,1,1,0,,1.0,1.0,Escalate,TP,0
243,Insider,1,0,0,1,0,0.012353,0.095745,Escalate,TP,300
244,Genuine,0,1,0,1,1,0.62522,0.093602,Escalate,FP,2300
245,Genuine,0,0,0,1,1,0.012353,0.002128,Pay,TN,300
246,Impersonation,1,1,1,0,,1.0,1.0,Escalate,TP,0
247,Genuine,0,0,0,1,0,0.012353,0.095745,Escalate,FP,2300
248,Genuine,0,0,0,1,0,0.012353,0.095745,Escalate,FP,2300
249,Genuine,0,0,0,1,0,0.012353,0.095745,Escalate,FP,2300
250,Genuine,0,0,0,1,1,0.012353,0.002128,Pay,TN,300
251,Genuine,0,0,0,1,1,0.012353,0.002128,Pay,TN,300
252,Impersonation,1,1,1,0,,1.0,1.0,Escalate,TP,0
253,Genuine,0,0,0,1,1,0.012353,0.002128,Pay,TN,300
254,Genuine,0,0,0,1,1,0.012353,0.002128,Pay,TN,300
255,Genuine,0,0,0,1,1,0.012353,0.002128,Pay,TN,300
256,Genuine,0,0,0,1,1,0.012353,0.002128,Pay,TN,300
257,Genuine,0,0,0,1,1,0.012353,0.002128,Pay,TN,300
258,Genuine,0,0,0,1,1,0.012353,0.002128,Pay,TN,300
259,Genuine,0,0,0,1,1,0.012353,0.002128,Pay,TN,300
260,Genuine,0,0,0,1,1,0.012353,0.002128,Pay,TN,300
261,Genuine,0,0,0,1,1,0.012353,0.002128,Pay,TN,300
262,Compromised,1,1,0,1,0,0.62522,0.940309,Escalate,TP,300
263,Genuine,0,0,0,1,1,0.012353,0.002128,Pay,TN,300
264,Genuine,0,1,0,1,1,0.62522,0.093602,Escalate,FP,2300
265,Genuine,0,0,0,1,1,0.012353,0.002128,Pay,TN,300
266,Genuine,0,0,0,1,1,0.012353,0.002128,Pay,TN,300
267,Genuine,0,0,0,1,0,0.012353,0.095745,Escalate,FP,2300
268,Genuine,0,0,0,1,1,0.012353,0.002128,Pay,TN,300
269,Genuine,0,0,0,1,1,0.012353,0.002128,Pay,TN,300
270,Genuine,0,0,0,1,0,0.012353,0.095745,Escalate,FP,2300
271,Genuine,0,0,0,1,1,0.012353,0.002128,Pay,TN,300
272,Genuine,0,0,0,1,1,0.012353,0.002128,Pay,TN,300
273,Something else,1,0,1,0,,1.0,1.0,Escalate,TP,0
274,Genuine,0,0,0,1,1,0.012353,0.002128,Pay,TN,300
275,Genuine,0,0,0,1,1,0.012353,0.002128,Pay,TN,300
276,Genuine,0,0,0,1,1,0.012353,0.002128,Pay,TN,300
277,Genuine,0,0,0,1,1,0.012353,0.002128,Pay,TN,300
278,Genuine,0,0,0,1,1,0.012353,0.002128,Pay,TN,300
279,Genuine,0,0,0,1,1,0.012353,0.002128,Pay,TN,300
280,Genuine,0,0,0,1,1,0.012353,0.002128,Pay,TN,300
281,Genuine,0,0,0,1,1,0.012353,0.002128,Pay,TN,300
282,Genuine,0,0,0,1,0,0.012353,0.095745,Escalate,FP,2300
283,Genuine,0,0,0,1,1,0.012353,0.002128,Pay,TN,300
284,Genuine,0,0,0,1,1,0.012353,0.002128,Pay,TN,300
285,Genuine,0,0,0,1,1,0.012353,0.002128,Pay,TN,300
286,Genuine,0,0,0,1,1,0.012353,0.002128,Pay,TN,300
287,Genuine,0,1,0,1,1,0.62522,0.093602,Escalate,FP,2300
288,Genuine,0,0,0,1,1,0.012353,0.002128,Pay,TN,300
289,Genuine,0,1,0,1,1,0.62522,0.093602,Escalate,FP,2300
290,Genuine,0,0,0,1,1,0.012353,0.002128,Pay,TN,300
291,Genuine,0,0,0,1,1,0.012353,0.002128,Pay,TN,300
292,Genuine,0,0,0,1,1,0.012353,0.002128,Pay,TN,300
293,Genuine,0,0,0,1,1,0.012353,0.002128,Pay,TN,300
294,Genuine,0,0,0,1,1,0.012353,0.002128,Pay,TN,300
295,Genuine,0,0,0,1,1,0.012353,0.002128,Pay,TN,300
296,Genuine,0,0,0,1,1,0.012353,0.002128,Pay,TN,300
297,Genuine,0,1,0,1,1,0.62522,0.093602,Escalate,FP,2300
298,Genuine,0,0,0,1,1,0.012353,0.002128,Pay,TN,300
299,Genuine,0,0,0,1,1,0.012353,0.002128,Pay,TN,300
300,Genuine,0,0,0,1,1,0.012353,0.002128,Pay,TN,300
301,Genuine,0,0,0,1,1,0.012353,0.002128,Pay,TN,300
302,Genuine,0,1,0,1,1,0.62522,0.093602,Escalate,FP,2300
303,Genuine,0,0,0,1,1,0.012353,0.002128,Pay,TN,300
304,Genuine,0,1,0,1,1,0.62522,0.093602,Escalate,FP,2300
305,Genuine,0,0,0,1,1,0.012353,0.002128,Pay,TN,300
306,Genuine,0,0,0,1,1,0.012353,0.002128,Pay,TN,300
307,Genuine,0,0,0,1,1,0.012353,0.002128,Pay,TN,300
308,Genuine,0,0,0,1,1,0.012353,0.002128,Pay,TN,300
309,Compromised,1,1,0,1,0,0.62522,0.940309,Escalate,TP,300
310,Genuine,0,0,0,1,1,0.012353,0.002128,Pay,TN,300
311,Genuine,0,0,0,1,1,0.012353,0.002128,Pay,TN,300
312,Genuine,0,0,0,1,1,0.012353,0.002128,Pay,TN,300
313,Genuine,0,0,0,1,1,0.012353,0.002128,Pay,TN,300
314,Genuine,0,0,0,1,1,0.012353,0.002128,Pay,TN,300
315,Genuine,0,0,0,1,1,0.012353,0.002128,Pay,TN,300
316,Genuine,0,0,0,1,1,0.012353,0.002128,Pay,TN,300
317,Genuine,0,0,0,1,1,0.012353,0.002128,Pay,TN,300
318,Compromised,1,1,0,1,0,0.62522,0.940309,Escalate,TP,300
319,Genuine,0,0,0,1,1,0.012353,0.002128,Pay,TN,300
320,Genuine,0,0,0,1,1,0.012353,0.002128,Pay,TN,300
321,Genuine,0,0,0,1,1,0.012353,0.002128,Pay,TN,300
322,Genuine,0,0,0,1,1,0.012353,0.002128,Pay,TN,300
323,Genuine,0,0,0,1,1,0.012353,0.002128,Pay,TN,300
324,Genuine,0,0,0,1,1,0.012353,0.002128,Pay,TN,300
325,Genuine,0,0,0,1,1,0.012353,0.002128,Pay,TN,300
326,Genuine,0,0,0,1,1,0.012353,0.002128,Pay,TN,300
327,Genuine,0,0,0,1,1,0.012353,0.002128,Pay,TN,300
328,Genuine,0,0,0,1,1,0.012353,0.002128,Pay,TN,300
329,Impersonation,1,1,1,0,,1.0,1.0,Escalate,TP,0
330,Genuine,0,0,0,1,1,0.012353,0.002128,Pay,TN,300
331,Genuine,0,0,0,1,1,0.012353,0.002128,Pay,TN,300
332,Genuine,0,0,0,1,1,0.012353,0.002128,Pay,TN,300
333,Genuine,0,0,0,1,1,0.012353,0.002128,Pay,TN,300
334,Genuine,0,0,0,1,1,0.012353,0.002128,Pay,TN,300
335,Genuine,0,0,0,1,1,0.012353,0.002128,Pay,TN,300
336,Genuine,0,0,0,1,1,0.012353,0.002128,Pay,TN,300
337,Genuine,0,0,0,1,1,0.012353,0.002128,Pay,TN,300
338,Genuine,0,0,0,1,1,0.012353,0.002128,Pay,TN,300
339,Genuine,0,0,0,1,1,0.012353,0.002128,Pay,TN,300
340,Genuine,0,0,0,1,1,0.012353,0.002128,Pay,TN,300
341,Genuine,0,0,0,1,1,0.012353,0.002128,Pay,TN,300
342,Genuine,0,0,0,1,0,0.012353,0.095745,Escalate,FP,2300
343,Insider,1,1,1,0,,1.0,1.0,Escalate,TP,0
344,Genuine,0,0,0,1,1,0.012353,0.002128,Pay,TN,300
345,Genuine,0,0,0,1,1,0.012353,0.002128,Pay,TN,300
346,Compromised,1,1,0,1,0,0.62522,0.940309,Escalate,TP,300
347,Compromised,1,1,0,1,0,0.62522,0.940309,Escalate,TP,300
348,Compromised,1,1,0,1,0,0.62522,0.940309,Escalate,TP,300
349,Genuine,0,0,0,1,1,0.012353,0.002128,Pay,TN,300
350,Genuine,0,0,0,1,0,0.012353,0.095745,Escalate,FP,2300
351,Genuine,0,1,0,1,1,0.62522,0.093602,Escalate,FP,2300
352,Genuine,0,0,0,1,1,0.012353,0.002128,Pay,TN,300
353,Genuine,0,0,0,1,1,0.012353,0.002128,Pay,TN,300
354,Genuine,0,1,0,1,1,0.62522,0.093602,Escalate,FP,2300
355,Genuine,0,0,0,1,1,0.012353,0.002128,Pay,TN,300
356,Genuine,0,0,0,1,1,0.012353,0.002128,Pay,TN,300
357,Genuine,0,0,0,1,1,0.012353,0.002128,Pay,TN,300
358,Compromised,1,1,0,1,0,0.62522,0.940309,Escalate,TP,300
359,Genuine,0,0,0,1,1,0.012353,0.002128,Pay,TN,300
360,Genuine,0,0,0,1,1,0.012353,0.002128,Pay,TN,300
361,Insider,1,1,0,1,0,0.62522,0.940309,Escalate,TP,300
362,Insider,1,1,1,0,,1.0,1.0,Escalate,TP,0
363,Genuine,0,0,0,1,1,0.012353,0.002128,Pay,TN,300
364,Genuine,0,0,0,1,1,0.012353,0.002128,Pay,TN,300
365,Genuine,0,0,0,1,1,0.012353,0.002128,Pay,TN,300
366,Genuine,0,0,0,1,1,0.012353,0.002128,Pay,TN,300
367,Genuine,0,0,0,1,1,0.012353,0.002128,Pay,TN,300
368,Genuine,0,0,0,1,1,0.012353,0.002128,Pay,TN,300
369,Genuine,0,1,0,1,1,0.62522,0.093602,Escalate,FP,2300
370,Impersonation,1,1,0,1,0,0.62522,0.940309,Escalate,TP,300
371,Genuine,0,0,0,1,1,0.012353,0.002128,Pay,TN,300
372,Genuine,0,0,0,1,1,0.012353,0.002128,Pay,TN,300
373,Genuine,0,0,0,1,1,0.012353,0.002128,Pay,TN,300
374,Genuine,0,0,0,1,1,0.012353,0.002128,Pay,TN,300
375,Impersonation,1,1,1,0,,1.0,1.0,Escalate,TP,0
376,Genuine,0,0,0,1,1,0.012353,0.002128,Pay,TN,300
377,Genuine,0,0,0,1,1,0.012353,0.002128,Pay,TN,300
378,Genuine,0,0,0,1,1,0.012353,0.002128,Pay,TN,300
379,Genuine,0,1,0,1,1,0.62522,0.093602,Escalate,FP,2300
380,Something else,1,1,0,1,0,0.62522,0.940309,Escalate,TP,300
381,Genuine,0,0,0,1,1,0.012353,0.002128,Pay,TN,300
382,Genuine,0,0,0,1,1,0.012353,0.002128,Pay,TN,300
383,Genuine,0,1,0,1,1,0.62522,0.093602,Escalate,FP,2300
384,Genuine,0,0,0,1,1,0.012353,0.002128,Pay,TN,300
385,Genuine,0,0,0,1,1,0.012353,0.002128,Pay,TN,300
386,Genuine,0,0,0,1,1,0.012353,0.002128,Pay,TN,300
387,Genuine,0,0,0,1,1,0.012353,0.002128,Pay,TN,300
388,Genuine,0,0,0,1,1,0.012353,0.002128,Pay,TN,300
389,Genuine,0,0,0,1,0,0.012353,0.095745,Escalate,FP,2300
390,Genuine,0,0,0,1,1,0.012353,0.002128,Pay,TN,300
391,Compromised,1,1,0,1,0,0.62522,0.940309,Escalate,TP,300
392,Genuine,0,0,0,1,1,0.012353,0.002128,Pay,TN,300
393,Genuine,0,0,0,1,1,0.012353,0.002128,Pay,TN,300
394,Impersonation,1,1,1,0,,1.0,1.0,Escalate,TP,0
395,Genuine,0,0,0,1,1,0.012353,0.002128,Pay,TN,300
396,Genuine,0,1,0,1,1,0.62522,0.093602,Escalate,FP,2300
397,Genuine,0,0,0,1,1,0.012353,0.002128,Pay,TN,300
398,Genuine,0,0,0,1,1,0.012353,0.002128,Pay,TN,300
399,Genuine,0,0,0,1,0,0.012353,0.095745,Escalate,FP,2300
400,Genuine,0,0,0,1,1,0.012353,0.002128,Pay,TN,300
401,Compromised,1,1,0,1,0,0.62522,0.940309,Escalate,TP,300
402,Impersonation,1,1,0,1,0,0.62522,0.940309,Escalate,TP,300
403,Genuine,0,0,0,1,1,0.012353,0.002128,Pay,TN,300
404,Genuine,0,0,0,1,1,0.012353,0.002128,Pay,TN,300
405,Genuine,0,0,0,1,1,0.012353,0.002128,Pay,TN,300
406,Genuine,0,0,0,1,1,0.012353,0.002128,Pay,TN,300
407,Genuine,0,0,0,1,1,0.012353,0.002128,Pay,TN,300
408,Genuine,0,0,0,1,1,0.012353,0.002128,Pay,TN,300
409,Genuine,0,1,0,1,1,0.62522,0.093602,Escalate,FP,2300
410,Genuine,0,0,0,1,1,0.012353,0.002128,Pay,TN,300
411,Genuine,0,0,0,1,1,0.012353,0.002128,Pay,TN,300
412,Impersonation,1,1,1,0,,1.0,1.0,Escalate,TP,0
413,Genuine,0,0,0,1,1,0.012353,0.002128,Pay,TN,300
414,Genuine,0,0,0,1,1,0.012353,0.002128,Pay,TN,300
415,Genuine,0,0,0,1,1,0.012353,0.002128,Pay,TN,300
416,Insider,1,1,1,0,,1.0,1.0,Escalate,TP,0
417,Genuine,0,0,0,1,1,0.012353,0.002128,Pay,TN,300
418,Genuine,0,0,0,1,1,0.012353,0.002128,Pay,TN,300
419,Genuine,0,0,0,1,1,0.012353,0.002128,Pay,TN,300
420,Genuine,0,0,0,1,1,0.012353,0.002128,Pay,TN,300
421,Genuine,0,0,0,1,1,0.012353,0.002128,Pay,TN,300
422,Genuine,0,0,0,1,0,0.012353,0.095745,Escalate,FP,2300
423,Genuine,0,0,0,1,1,0.012353,0.002128,Pay,TN,300
424,Compromised,1,1,0,1,0,0.62522,0.940309,Escalate,TP,300
425,Genuine,0,0,0,1,1,0.012353,0.002128,Pay,TN,300
426,Genuine,0,0,0,1,1,0.012353,0.002128,Pay,TN,300
427,Genuine,0,0,0,1,1,0.012353,0.002128,Pay,TN,300
428,Genuine,0,0,0,1,1,0.012353,0.002128,Pay,TN,300
429,Genuine,0,0,0,1,1,0.012353,0.002128,Pay,TN,300
430,Genuine,0,0,0,1,1,0.012353,0.002128,Pay,TN,300
431,Genuine,0,0,0,1,1,0.012353,0.002128,Pay,TN,300
432,Genuine,0,0,0,1,1,0.012353,0.002128,Pay,TN,300
433,Genuine,0,0,0,1,1,0.012353,0.002128,Pay,TN,300
434,Something else,1,0,1,0,,1.0,1.0,Escalate,TP,0
435,Genuine,0,0,0,1,1,0.012353,0.002128,Pay,TN,300
436,Genuine,0,0,0,1,1,0.012353,0.002128,Pay,TN,300
437,Insider,1,1,0,1,0,0.62522,0.940309,Escalate,TP,300
438,Genuine,0,1,0,1,0,0.62522,0.940309,Escalate,FP,2300
439,Genuine,0,0,0,1,1,0.012353,0.002128,Pay,TN,300
440,Genuine,0,0,0,1,1,0.012353,0.002128,Pay,TN,300
441,Genuine,0,0,0,1,1,0.012353,0.002128,Pay,TN,300
442,Impersonation,1,1,1,0,,1.0,1.0,Escalate,TP,0
443,Genuine,0,0,0,1,1,0.012353,0.002128,Pay,TN,300
444,Genuine,0,0,0,1,1,0.012353,0.002128,Pay,TN,300
445,Genuine,0,0,0,1,1,0.012353,0.002128,Pay,TN,300
446,Genuine,0,0,0,1,1,0.012353,0.002128,Pay,TN,300
447,Impersonation,1,1,1,0,,1.0,1.0,Escalate,TP,0
448,Genuine,0,0,0,1,1,0.012353,0.002128,Pay,TN,300
449,Genuine,0,0,0,1,1,0.012353,0.002128,Pay,TN,300
450,Genuine,0,0,0,1,1,0.012353,0.002128,Pay,TN,300
451,Genuine,0,0,0,1,1,0.012353,0.002128,Pay,TN,300
452,Impersonation,1,1,1,0,,1.0,1.0,Escalate,TP,0
453,Genuine,0,0,0,1,0,0.012353,0.095745,Escalate,FP,2300
454,Genuine,0,0,0,1,1,0.012353,0.002128,Pay,TN,300
455,Genuine,0,0,0,1,1,0.012353,0.002128,Pay,TN,300
456,Genuine,0,0,0,1,1,0.012353,0.002128,Pay,TN,300
457,Impersonation,1,1,1,0,,1.0,1.0,Escalate,TP,0
458,Genuine,0,0,0,1,1,0.012353,0.002128,Pay,TN,300
459,Genuine,0,0,0,1,1,0.012353,0.002128,Pay,TN,300
460,Genuine,0,0,0,1,1,0.012353,0.002128,Pay,TN,300
461,Genuine,0,0,0,1,0,0.012353,0.095745,Escalate,FP,2300
462,Compromised,1,1,0,1,0,0.62522,0.940309,Escalate,TP,300
463,Genuine,0,0,0,1,1,0.012353,0.002128,Pay,TN,300
464,Genuine,0,0,0,1,0,0.012353,0.095745,Escalate,FP,2300
465,Impersonation,1,1,1,0,,1.0,1.0,Escalate,TP,0
466,Genuine,0,0,0,1,1,0.012353,0.002128,Pay,TN,300
467,Genuine,0,0,0,1,0,0.012353,0.095745,Escalate,FP,2300
468,Compromised,1,1,0,1,0,0.62522,0.940309,Escalate,TP,300
469,Insider,1,1,0,1,0,0.62522,0.940309,Escalate,TP,300
470,Genuine,0,0,0,1,1,0.012353,0.002128,Pay,TN,300
471,Genuine,0,0,0,1,1,0.012353,0.002128,Pay,TN,300
472,Genuine,0,0,0,1,1,0.012353,0.002128,Pay,TN,300
473,Genuine,0,0,0,1,1,0.012353,0.002128,Pay,TN,300
474,Compromised,1,1,0,1,0,0.62522,0.940309,Escalate,TP,300
475,Genuine,0,0,0,1,1,0.012353,0.002128,Pay,TN,300
476,Genuine,0,0,0,1,1,0.012353,0.002128,Pay,TN,300
477,Impersonation,1,1,1,0,,1.0,1.0,Escalate,TP,0
478,Genuine,0,0,0,1,1,0.012353,0.002128,Pay,TN,300
479,Genuine,0,0,0,1,1,0.012353,0.002128,Pay,TN,300
480,Compromised,1,1,0,1,0,0.62522,0.940309,Escalate,TP,300
481,Impersonation,1,1,1,0,,1.0,1.0,Escalate,TP,0
482,Genuine,0,0,0,1,1,0.012353,0.002128,Pay,TN,300
483,Genuine,0,0,0,1,1,0.012353,0.002128,Pay,TN,300
484,Genuine,0,0,0,1,1,0.012353,0.002128,Pay,TN,300
485,Genuine,0,0,0,1,1,0.012353,0.002128,Pay,TN,300
486,Genuine,0,0,0,1,1,0.012353,0.002128,Pay,TN,300
487,Genuine,0,0,0,1,1,0.012353,0.002128,Pay,TN,300
488,Genuine,0,0,0,1,1,0.012353,0.002128,Pay,TN,300
489,Genuine,0,0,0,1,1,0.012353,0.002128,Pay,TN,300
490,Genuine,0,0,0,1,1,0.012353,0.002128,Pay,TN,300
491,Genuine,0,0,0,1,1,0.012353,0.002128,Pay,TN,300
492,Genuine,0,0,0,1,1,0.012353,0.002128,Pay,TN,300
493,Genuine,0,0,0,1,0,0.012353,0.095745,Escalate,FP,2300
494,Genuine,0,0,0,1,1,0.012353,0.002128,Pay,TN,300
495,Genuine,0,0,0,1,1,0.012353,0.002128,Pay,TN,300
496,Genuine,0,0,0,1,1,0.012353,0.002128,Pay,TN,300
497,Compromised,1,1,0,1,0,0.62522,0.940309,Escalate,TP,300
498,Genuine,0,0,0,1,1,0.012353,0.002128,Pay,TN,300
499,Genuine,0,0,0,1,1,0.012353,0.002128,Pay,TN,300
500,Genuine,0,1,0,1,1,0.62522,0.093602,Escalate,FP,2300
501,Genuine,0,0,0,1,1,0.012353,0.002128,Pay,TN,300
502,Genuine,0,0,0,1,1,0.012353,0.002128,Pay,TN,300
503,Genuine,0,0,0,1,1,0.012353,0.002128,Pay,TN,300
504,Compromised,1,1,0,1,0,0.62522,0.940309,Escalate,TP,300
505,Genuine,0,0,0,1,1,0.012353,0.002128,Pay,TN,300
506,Genuine,0,0,0,1,1,0.012353,0.002128,Pay,TN,300
507,Compromised,1,1,0,1,0,0.62522,0.940309,Escalate,TP,300
508,Genuine,0,0,0,1,1,0.012353,0.002128,Pay,TN,300
509,Genuine,0,0,0,1,1,0.012353,0.002128,Pay,TN,300
510,Genuine,0,0,0,1,1,0.012353,0.002128,Pay,TN,300
511,Impersonation,1,1,0,1,0,0.62522,0.940309,Escalate,TP,300
512,Genuine,0,0,0,1,0,0.012353,0.095745,Escalate,FP,2300
513,Genuine,0,0,0,1,1,0.012353,0.002128,Pay,TN,300
514,Genuine,0,0,0,1,1,0.012353,0.002128,Pay,TN,300
515,Genuine,0,0,0,1,1,0.012353,0.002128,Pay,TN,300
516,Impersonation,1,1,0,1,0,0.62522,0.940309,Escalate,TP,300
517,Genuine,0,0,0,1,1,0.012353,0.002128,Pay,TN,300
518,Impersonation,1,1,1,0,,1.0,1.0,Escalate,TP,0
519,Genuine,0,0,0,1,1,0.012353,0.002128,Pay,TN,300
520,Genuine,0,0,0,1,1,0.012353,0.002128,Pay,TN,300
521,Genuine,0,0,0,1,1,0.012353,0.002128,Pay,TN,300
522,Genuine,0,0,0,1,0,0.012353,0.095745,Escalate,FP,2300
523,Impersonation,1,1,0,1,0,0.62522,0.940309,Escalate,TP,300
524,Genuine,0,0,0,1,0,0.012353,0.095745,Escalate,FP,2300
525,Genuine,0,0,0,1,1,0.012353,0.002128,Pay,TN,300
526,Genuine,0,0,0,1,1,0.012353,0.002128,Pay,TN,300
527,Genuine,0,0,0,1,1,0.012353,0.002128,Pay,TN,300
528,Impersonation,1,1,1,0,,1.0,1.0,Escalate,TP,0
529,Genuine,0,0,0,1,1,0.012353,0.002128,Pay,TN,300
530,Impersonation,1,1,1,0,,1.0,1.0,Escalate,TP,0
531,Genuine,0,0,0,1,1,0.012353,0.002128,Pay,TN,300
532,Genuine,0,0,0,1,1,0.012353,0.002128,Pay,TN,300
533,Genuine,0,0,0,1,1,0.012353,0.002128,Pay,TN,300
534,Genuine,0,0,0,1,1,0.012353,0.002128,Pay,TN,300
535,Genuine,0,0,0,1,1,0.012353,0.002128,Pay,TN,300
536,Genuine,0,1,0,1,0,0.62522,0.940309,Escalate,FP,2300
537,Genuine,0,0,0,1,1,0.012353,0.002128,Pay,TN,300
538,Genuine,0,0,0,1,1,0.012353,0.002128,Pay,TN,300
539,Genuine,0,0,0,1,1,0.012353,0.002128,Pay,TN,300
540,Genuine,0,0,0,1,1,0.012353,0.002128,Pay,TN,300
541,Genuine,0,0,0,1,0,0.012353,0.095745,Escalate,FP,2300
542,Genuine,0,0,0,1,1,0.012353,0.002128,Pay,TN,300
543,Compromised,1,1,0,1,0,0.62522,0.940309,Escalate,TP,300
544,Genuine,0,0,0,1,1,0.012353,0.002128,Pay,TN,300
545,Genuine,0,0,0,1,1,0.012353,0.002128,Pay,TN,300
546,Something else,1,1,0,1,0,0.62522,0.940309,Escalate,TP,300
547,Genuine,0,0,0,1,1,0.012353,0.002128,Pay,TN,300
548,Genuine,0,0,0,1,1,0.012353,0.002128,Pay,TN,300
549,Genuine,0,0,0,1,1,0.012353,0.002128,Pay,TN,300
550,Genuine,0,0,0,1,1,0.012353,0.002128,Pay,TN,300
551,Genuine,0,0,0,1,1,0.012353,0.002128,Pay,TN,300
552,Genuine,0,1,0,1,0,0.62522,0.940309,Escalate,FP,2300
553,Compromised,1,1,0,1,0,0.62522,0.940309,Escalate,TP,300
554,Genuine,0,0,0,1,1,0.012353,0.002128,Pay,TN,300
555,Genuine,0,0,0,1,1,0.012353,0.002128,Pay,TN,300
556,Genuine,0,0,0,1,1,0.012353,0.002128,Pay,TN,300
557,Genuine,0,0,0,1,0,0.012353,0.095745,Escalate,FP,2300
558,Genuine,0,0,0,1,1,0.012353,0.002128,Pay,TN,300
559,Genuine,0,0,0,1,1,0.012353,0.002128,Pay,TN,300
560,Impersonation,1,1,1,0,,1.0,1.0,Escalate,TP,0
561,Genuine,0,0,0,1,1,0.012353,0.002128,Pay,TN,300
562,Genuine,0,0,0,1,1,0.012353,0.002128,Pay,TN,300
563,Genuine,0,0,0,1,1,0.012353,0.002128,Pay,TN,300
564,Genuine,0,0,0,1,1,0.012353,0.002128,Pay,TN,300
565,Genuine,0,0,0,1,1,0.012353,0.002128,Pay,TN,300
566,Genuine,0,0,0,1,1,0.012353,0.002128,Pay,TN,300
567,Genuine,0,0,0,1,1,0.012353,0.002128,Pay,TN,300
568,Genuine,0,1,0,1,1,0.62522,0.093602,Escalate,FP,2300
569,Genuine,0,0,0,1,1,0.012353,0.002128,Pay,TN,300
570,Genuine,0,0,0,1,0,0.012353,0.095745,Escalate,FP,2300
571,Insider,1,1,1,0,,1.0,1.0,Escalate,TP,0
572,Genuine,0,0,0,1,1,0.012353,0.002128,Pay,TN,300
573,Genuine,0,0,0,1,1,0.012353,0.002128,Pay,TN,300
574,Genuine,0,0,0,1,1,0.012353,0.002128,Pay,TN,300
575,Genuine,0,0,0,1,1,0.012353,0.002128,Pay,TN,300
576,Impersonation,1,1,1,0,,1.0,1.0,Escalate,TP,0
577,Genuine,0,0,0,1,1,0.012353,0.002128,Pay,TN,300
578,Compromised,1,0,0,1,0,0.012353,0.095745,Escalate,TP,300
579,Impersonation,1,1,1,0,,1.0,1.0,Escalate,TP,0
580,Impersonation,1,0,1,0,,1.0,1.0,Escalate,TP,0
581,Genuine,0,0,0,1,1,0.012353,0.002128,Pay,TN,300
582,Genuine,0,0,0,1,1,0.012353,0.002128,Pay,TN,300
583,Genuine,0,0,0,1,1,0.012353,0.002128,Pay,TN,300
584,Genuine,0,0,0,1,1,0.012353,0.002128,Pay,TN,300
585,Genuine,0,0,0,1,1,0.012353,0.002128,Pay,TN,300
586,Genuine,0,0,0,1,1,0.012353,0.002128,Pay,TN,300
587,Genuine,0,0,0,1,1,0.012353,0.002128,Pay,TN,300
588,Genuine,0,0,0,1,1,0.012353,0.002128,Pay,TN,300
589,Genuine,0,0,0,1,1,0.012353,0.002128,Pay,TN,300
590,Genuine,0,0,0,1,1,0.012353,0.002128,Pay,TN,300
591,Genuine,0,0,0,1,1,0.012353,0.002128,Pay,TN,300
592,Genuine,0,0,0,1,0,0.012353,0.095745,Escalate,FP,2300
593,Genuine,0,0,0,1,0,0.012353,0.095745,Escalate,FP,2300
594,Genuine,0,1,0,1,1,0.62522,0.093602,Escalate,FP,2300
595,Genuine,0,0,0,1,1,0.012353,0.002128,Pay,TN,300
596,Genuine,0,0,0,1,1,0.012353,0.002128,Pay,TN,300
597,Genuine,0,1,0,1,1,0.62522,0.093602,Escalate,FP,2300
598,Impersonation,1,1,0,1,0,0.62522,0.940309,Escalate,TP,300
599,Genuine,0,0,0,1,1,0.012353,0.002128,Pay,TN,300
600,Genuine,0,0,0,1,1,0.012353,0.002128,Pay,TN,300
601,Genuine,0,0,0,1,1,0.012353,0.002128,Pay,TN,300
602,Genuine,0,0,0,1,0,0.012353,0.095745,Escalate,FP,2300
603,Genuine,0,0,0,1,1,0.012353,0.002128,Pay,TN,300
604,Impersonation,1,1,1,0,,1.0,1.0,Escalate,TP,0
605,Genuine,0,0,0,1,1,0.012353,0.002128,Pay,TN,300
606,Genuine,0,0,0,1,1,0.012353,0.002128,Pay,TN,300
607,Genuine,0,0,0,1,1,0.012353,0.002128,Pay,TN,300
608,Genuine,0,0,0,1,1,0.012353,0.002128,Pay,TN,300
609,Genuine,0,0,0,1,1,0.012353,0.002128,Pay,TN,300
610,Genuine,0,0,0,1,1,0.012353,0.002128,Pay,TN,300
611,Genuine,0,0,0,1,1,0.012353,0.002128,Pay,TN,300
612,Genuine,0,0,0,1,1,0.012353,0.002128,Pay,TN,300
613,Genuine,0,0,0,1,1,0.012353,0.002128,Pay,TN,300
614,Genuine,0,0,0,1,1,0.012353,0.002128,Pay,TN,300
615,Genuine,0,0,0,1,1,0.012353,0.002128,Pay,TN,300
616,Genuine,0,0,0,1,1,0.012353,0.002128,Pay,TN,300
617,Genuine,0,0,0,1,1,0.012353,0.002128,Pay,TN,300
618,Genuine,0,0,0,1,1,0.012353,0.002128,Pay,TN,300
619,Genuine,0,0,0,1,1,0.012353,0.002128,Pay,TN,300
620,Genuine,0,0,0,1,1,0.012353,0.002128,Pay,TN,300
621,Genuine,0,1,0,1,1,0.62522,0.093602,Escalate,FP,2300
622,Genuine,0,0,0,1,1,0.012353,0.002128,Pay,TN,300
623,Genuine,0,0,0,1,1,0.012353,0.002128,Pay,TN,300
624,Genuine,0,0,0,1,1,0.012353,0.002128,Pay,TN,300
625,Genuine,0,1,0,1,1,0.62522,0.093602,Escalate,FP,2300
626,Insider,1,1,0,1,0,0.62522,0.940309,Escalate,TP,300
627,Genuine,0,0,0,1,1,0.012353,0.002128,Pay,TN,300
628,Genuine,0,0,0,1,1,0.012353,0.002128,Pay,TN,300
629,Genuine,0,0,0,1,1,0.012353,0.002128,Pay,TN,300
630,Genuine,0,0,0,1,1,0.012353,0.002128,Pay,TN,300
631,Genuine,0,0,0,1,1,0.012353,0.002128,Pay,TN,300
632,Genuine,0,0,0,1,1,0.012353,0.002128,Pay,TN,300
633,Genuine,0,0,0,1,0,0.012353,0.095745,Escalate,FP,2300
634,Genuine,0,0,0,1,1,0.012353,0.002128,Pay,TN,300
635,Impersonation,1,0,1,0,,1.0,1.0,Escalate,TP,0
636,Genuine,0,0,0,1,1,0.012353,0.002128,Pay,TN,300
637,Genuine,0,0,0,1,1,0.012353,0.002128,Pay,TN,300
638,Genuine,0,0,0,1,1,0.012353,0.002128,Pay,TN,300
639,Genuine,0,0,0,1,1,0.012353,0.002128,Pay,TN,300
640,Genuine,0,0,0,1,0,0.012353,0.095745,Escalate,FP,2300
641,Genuine,0,1,0,1,1,0.62522,0.093602,Escalate,FP,2300
642,Genuine,0,0,0,1,1,0.012353,0.002128,Pay,TN,300
643,Genuine,0,0,0,1,1,0.012353,0.002128,Pay,TN,300
644,Genuine,0,0,0,1,1,0.012353,0.002128,Pay,TN,300
645,Genuine,0,0,0,1,1,0.012353,0.002128,Pay,TN,300
646,Genuine,0,1,0,1,1,0.62522,0.093602,Escalate,FP,2300
647,Genuine,0,0,0,1,1,0.012353,0.002128,Pay,TN,300
648,Genuine,0,0,0,1,1,0.012353,0.002128,Pay,TN,300
649,Genuine,0,0,0,1,0,0.012353,0.095745,Escalate,FP,2300
650,Genuine,0,0,0,1,1,0.012353,0.002128,Pay,TN,300
651,Compromised,1,1,0,1,0,0.62522,0.940309,Escalate,TP,300
652,Genuine,0,0,0,1,1,0.012353,0.002128,Pay,TN,300
653,Genuine,0,0,0,1,1,0.012353,0.002128,Pay,TN,300
654,Genuine,0,1,0,1,1,0.62522,0.093602,Escalate,FP,2300
655,Insider,1,1,1,0,,1.0,1.0,Escalate,TP,0
656,Genuine,0,0,0,1,1,0.012353,0.002128,Pay,TN,300
657,Genuine,0,0,0,1,1,0.012353,0.002128,Pay,TN,300
658,Genuine,0,0,0,1,1,0.012353,0.002128,Pay,TN,300
659,Genuine,0,1,0,1,1,0.62522,0.093602,Escalate,FP,2300
660,Genuine,0,0,0,1,1,0.012353,0.002128,Pay,TN,300
661,Genuine,0,0,0,1,1,0.012353,0.002128,Pay,TN,300
662,Genuine,0,0,0,1,0,0.012353,0.095745,Escalate,FP,2300
663,Genuine,0,0,0,1,1,0.012353,0.002128,Pay,TN,300
664,Genuine,0,0,0,1,1,0.012353,0.002128,Pay,TN,300
665,Genuine,0,0,0,1,1,0.012353,0.002128,Pay,TN,300
666,Genuine,0,0,0,1,1,0.012353,0.002128,Pay,TN,300
667,Genuine,0,0,0,1,1,0.012353,0.002128,Pay,TN,300
668,Genuine,0,0,0,1,1,0.012353,0.002128,Pay,TN,300
669,Insider,1,0,0,1,0,0.012353,0.095745,Escalate,TP,300
670,Compromised,1,1,0,1,0,0.62522,0.940309,Escalate,TP,300
671,Genuine,0,0,0,1,1,0.012353,0.002128,Pay,TN,300
672,Genuine,0,0,0,1,1,0.012353,0.002128,Pay,TN,300
673,Genuine,0,0,0,1,1,0.012353,0.002128,Pay,TN,300
674,Genuine,0,0,0,1,1,0.012353,0.002128,Pay,TN,300
675,Genuine,0,0,0,1,1,0.012353,0.002128,Pay,TN,300
676,Genuine,0,0,0,1,1,0.012353,0.002128,Pay,TN,300
677,Genuine,0,0,0,1,1,0.012353,0.002128,Pay,TN,300
678,Genuine,0,0,0,1,1,0.012353,0.002128,Pay,TN,300
679,Genuine,0,0,0,1,1,0.012353,0.002128,Pay,TN,300
680,Genuine,0,0,0,1,1,0.012353,0.002128,Pay,TN,300
681,Genuine,0,0,0,1,0,0.012353,0.095745,Escalate,FP,2300
682,Genuine,0,0,0,1,1,0.012353,0.002128,Pay,TN,300
683,Genuine,0,0,0,1,1,0.012353,0.002128,Pay,TN,300
684,Genuine,0,1,0,1,1,0.62522,0.093602,Escalate,FP,2300
685,Genuine,0,0,0,1,1,0.012353,0.002128,Pay,TN,300
686,Genuine,0,0,0,1,1,0.012353,0.002128,Pay,TN,300
687,Genuine,0,0,0,1,1,0.012353,0.002128,Pay,TN,300
688,Genuine,0,0,0,1,1,0.012353,0.002128,Pay,TN,300
689,Compromised,1,1,0,1,0,0.62522,0.940309,Escalate,TP,300
690,Genuine,0,0,0,1,1,0.012353,0.002128,Pay,TN,300
691,Impersonation,1,1,1,0,,1.0,1.0,Escalate,TP,0
692,Genuine,0,0,0,1,1,0.012353,0.002128,Pay,TN,300
693,Genuine,0,0,0,1,0,0.012353,0.095745,Escalate,FP,2300
694,Genuine,0,0,0,1,0,0.012353,0.095745,Escalate,FP,2300
695,Genuine,0,0,0,1,1,0.012353,0.002128,Pay,TN,300
696,Genuine,0,0,0,1,1,0.012353,0.002128,Pay,TN,300
697,Genuine,0,0,0,1,1,0.012353,0.002128,Pay,TN,300
698,Genuine,0,0,0,1,1,0.012353,0.002128,Pay,TN,300
699,Compromised,1,1,0,1,1,0.62522,0.093602,Escalate,TP,300
700,Genuine,0,0,0,1,1,0.012353,0.002128,Pay,TN,300
701,Compromised,1,0,0,1,0,0.012353,0.095745,Escalate,TP,300
702,Genuine,0,0,0,1,1,0.012353,0.002128,Pay,TN,300
703,Genuine,0,0,0,1,0,0.012353,0.095745,Escalate,FP,2300
704,Genuine,0,0,0,1,1,0.012353,0.002128,Pay,TN,300
705,Genuine,0,0,0,1,0,0.012353,0.095745,Escalate,FP,2300
706,Genuine,0,0,0,1,1,0.012353,0.002128,Pay,TN,300
707,Genuine,0,0,0,1,0,0.012353,0.095745,Escalate,FP,2300
708,Genuine,0,0,0,1,1,0.012353,0.002128,Pay,TN,300
709,Genuine,0,0,0,1,1,0.012353,0.002128,Pay,TN,300
710,Genuine,0,0,0,1,1,0.012353,0.002128,Pay,TN,300
711,Genuine,0,0,0,1,1,0.012353,0.002128,Pay,TN,300
712,Genuine,0,0,0,1,1,0.012353,0.002128,Pay,TN,300
713,Genuine,0,0,0,1,1,0.012353,0.002128,Pay,TN,300
714,Genuine,0,0,0,1,1,0.012353,0.002128,Pay,TN,300
715,Genuine,0,0,0,1,1,0.012353,0.002128,Pay,TN,300
716,Genuine,0,0,0,1,0,0.012353,0.095745,Escalate,FP,2300
717,Genuine,0,0,0,1,1,0.012353,0.002128,Pay,TN,300
718,Genuine,0,0,0,1,1,0.012353,0.002128,Pay,TN,300
719,Genuine,0,0,0,1,1,0.012353,0.002128,Pay,TN,300
720,Genuine,0,0,0,1,1,0.012353,0.002128,Pay,TN,300
721,Genuine,0,0,0,1,1,0.012353,0.002128,Pay,TN,300
722,Genuine,0,0,0,1,1,0.012353,0.002128,Pay,TN,300
723,Compromised,1,1,0,1,1,0.62522,0.093602,Escalate,TP,300
724,Genuine,0,0,0,1,1,0.012353,0.002128,Pay,TN,300
725,Genuine,0,1,0,1,1,0.62522,0.093602,Escalate,FP,2300
726,Genuine,0,0,0,1,1,0.012353,0.002128,Pay,TN,300
727,Genuine,0,0,0,1,1,0.012353,0.002128,Pay,TN,300
728,Genuine,0,0,0,1,1,0.012353,0.002128,Pay,TN,300
729,Genuine,0,0,0,1,1,0.012353,0.002128,Pay,TN,300
730,Genuine,0,0,0,1,0,0.012353,0.095745,Escalate,FP,2300
731,Genuine,0,0,0,1,1,0.012353,0.002128,Pay,TN,300
732,Impersonation,1,1,1,0,,1.0,1.0,Escalate,TP,0
733,Genuine,0,0,0,1,1,0.012353,0.002128,Pay,TN,300
734,Genuine,0,0,0,1,1,0.012353,0.002128,Pay,TN,300
735,Genuine,0,0,0,1,1,0.012353,0.002128,Pay,TN,300
736,Genuine,0,0,0,1,0,0.012353,0.095745,Escalate,FP,2300
737,Genuine,0,0,0,1,1,0.012353,0.002128,Pay,TN,300
738,Genuine,0,0,0,1,1,0.012353,0.002128,Pay,TN,300
739,Genuine,0,0,0,1,1,0.012353,0.002128,Pay,TN,300
740,Impersonation,1,1,1,0,,1.0,1.0,Escalate,TP,0
741,Impersonation,1,1,1,0,,1.0,1.0,Escalate,TP,0
742,Genuine,0,0,0,1,1,0.012353,0.002128,Pay,TN,300
743,Genuine,0,0,0,1,1,0.012353,0.002128,Pay,TN,300
744,Genuine,0,0,0,1,0,0.012353,0.095745,Escalate,FP,2300
745,Genuine,0,0,0,1,0,0.012353,0.095745,Escalate,FP,2300
746,Genuine,0,0,0,1,1,0.012353,0.002128,Pay,TN,300
747,Impersonation,1,1,1,0,,1.0,1.0,Escalate,TP,0
748,Compromised,1,0,0,1,0,0.012353,0.095745,Escalate,TP,300
749,Genuine,0,0,0,1,1,0.012353,0.002128,Pay,TN,300
750,Genuine,0,0,0,1,0,0.012353,0.095745,Escalate,FP,2300
751,Genuine,0,0,0,1,1,0.012353,0.002128,Pay,TN,300
752,Impersonation,1,1,1,0,,1.0,1.0,Escalate,TP,0
753,Genuine,0,0,0,1,1,0.012353,0.002128,Pay,TN,300
754,Genuine,0,0,0,1,0,0.012353,0.095745,Escalate,FP,2300
755,Genuine,0,0,0,1,1,0.012353,0.002128,Pay,TN,300
756,Genuine,0,0,0,1,1,0.012353,0.002128,Pay,TN,300
757,Genuine,0,0,0,1,1,0.012353,0.002128,Pay,TN,300
758,Genuine,0,0,0,1,1,0.012353,0.002128,Pay,TN,300
759,Genuine,0,0,0,1,1,0.012353,0.002128,Pay,TN,300
760,Genuine,0,0,0,1,1,0.012353,0.002128,Pay,TN,300
761,Genuine,0,0,0,1,1,0.012353,0.002128,Pay,TN,300
762,Genuine,0,0,0,1,1,0.012353,0.002128,Pay,TN,300
763,Genuine,0,0,0,1,1,0.012353,0.002128,Pay,TN,300
764,Compromised,1,1,0,1,0,0.62522,0.940309,Escalate,TP,300
765,Genuine,0,0,0,1,1,0.012353,0.002128,Pay,TN,300
766,Impersonation,1,1,1,0,,1.0,1.0,Escalate,TP,0
767,Genuine,0,0,0,1,1,0.012353,0.002128,Pay,TN,300
768,Genuine,0,0,0,1,1,0.012353,0.002128,Pay,TN,300
769,Genuine,0,0,0,1,1,0.012353,0.002128,Pay,TN,300
770,Genuine,0,0,0,1,1,0.012353,0.002128,Pay,TN,300
771,Genuine,0,0,0,1,1,0.012353,0.002128,Pay,TN,300
772,Genuine,0,0,0,1,1,0.012353,0.002128,Pay,TN,300
773,Genuine,0,0,0,1,1,0.012353,0.002128,Pay,TN,300
774,Genuine,0,0,0,1,1,0.012353,0.002128,Pay,TN,300
775,Genuine,0,0,0,1,1,0.012353,0.002128,Pay,TN,300
776,Genuine,0,0,0,1,1,0.012353,0.002128,Pay,TN,300
777,Genuine,0,0,0,1,1,0.012353,0.002128,Pay,TN,300
778,Compromised,1,1,0,1,0,0.62522,0.940309,Escalate,TP,300
779,Genuine,0,0,0,1,1,0.012353,0.002128,Pay,TN,300
780,Genuine,0,0,0,1,1,0.012353,0.002128,Pay,TN,300
781,Genuine,0,0,0,1,1,0.012353,0.002128,Pay,TN,300
782,Genuine,0,0,0,1,1,0.012353,0.002128,Pay,TN,300
783,Compromised,1,1,0,1,0,0.62522,0.940309,Escalate,TP,300
784,Genuine,0,0,0,1,1,0.012353,0.002128,Pay,TN,300
785,Compromised,1,1,0,1,0,0.62522,0.940309,Escalate,TP,300
786,Genuine,0,0,0,1,0,0.012353,0.095745,Escalate,FP,2300
787,Insider,1,1,1,0,,1.0,1.0,Escalate,TP,0
788,Genuine,0,0,0,1,0,0.012353,0.095745,Escalate,FP,2300
789,Genuine,0,0,0,1,0,0.012353,0.095745,Escalate,FP,2300
790,Impersonation,1,1,1,0,,1.0,1.0,Escalate,TP,0
791,Genuine,0,0,0,1,1,0.012353,0.002128,Pay,TN,300
792,Compromised,1,1,0,1,0,0.62522,0.940309,Escalate,TP,300
793,Genuine,0,0,0,1,1,0.012353,0.002128,Pay,TN,300
794,Genuine,0,0,0,1,1,0.012353,0.002128,Pay,TN,300
795,Genuine,0,0,0,1,1,0.012353,0.002128,Pay,TN,300
796,Genuine,0,0,0,1,1,0.012353,0.002128,Pay,TN,300
797,Genuine,0,0,0,1,1,0.012353,0.002128,Pay,TN,300
798,Genuine,0,1,0,1,1,0.62522,0.093602,Escalate,FP,2300
799,Genuine,0,0,0,1,1,0.012353,0.002128,Pay,TN,300
800,Genuine,0,0,0,1,1,0.012353,0.002128,Pay,TN,300
801,Genuine,0,0,0,1,1,0.012353,0.002128,Pay,TN,300
802,Genuine,0,0,0,1,1,0.012353,0.002128,Pay,TN,300
803,Genuine,0,0,0,1,1,0.012353,0.002128,Pay,TN,300
804,Genuine,0,0,0,1,1,0.012353,0.002128,Pay,TN,300
805,Compromised,1,1,0,1,0,0.62522,0.940309,Escalate,TP,300
806,Genuine,0,0,0,1,1,0.012353,0.002128,Pay,TN,300
807,Compromised,1,1,0,1,0,0.62522,0.940309,Escalate,TP,300
808,Genuine,0,0,0,1,0,0.012353,0.095745,Escalate,FP,2300
809,Genuine,0,0,0,1,1,0.012353,0.002128,Pay,TN,300
810,Genuine,0,0,0,1,1,0.012353,0.002128,Pay,TN,300
811,Genuine,0,0,0,1,1,0.012353,0.002128,Pay,TN,300
812,Genuine,0,0,0,1,1,0.012353,0.002128,Pay,TN,300
813,Genuine,0,0,0,1,1,0.012353,0.002128,Pay,TN,300
814,Genuine,0,0,0,1,1,0.012353,0.002128,Pay,TN,300
815,Genuine,0,0,0,1,1,0.012353,0.002128,Pay,TN,300
816,Genuine,0,0,0,1,0,0.012353,0.095745,Escalate,FP,2300
817,Genuine,0,0,0,1,1,0.012353,0.002128,Pay,TN,300
818,Genuine,0,0,0,1,1,0.012353,0.002128,Pay,TN,300
819,Genuine,0,0,0,1,1,0.012353,0.002128,Pay,TN,300
820,Genuine,0,0,0,1,1,0.012353,0.002128,Pay,TN,300
821,Genuine,0,0,0,1,1,0.012353,0.002128,Pay,TN,300
822,Genuine,0,0,0,1,1,0.012353,0.002128,Pay,TN,300
823,Genuine,0,0,0,1,1,0.012353,0.002128,Pay,TN,300
824,Compromised,1,1,0,1,0,0.62522,0.940309,Escalate,TP,300
825,Genuine,0,0,0,1,1,0.012353,0.002128,Pay,TN,300
826,Genuine,0,0,0,1,1,0.012353,0.002128,Pay,TN,300
827,Genuine,0,0,0,1,0,0.012353,0.095745,Escalate,FP,2300
828,Genuine,0,0,0,1,1,0.012353,0.002128,Pay,TN,300
829,Genuine,0,0,0,1,1,0.012353,0.002128,Pay,TN,300
830,Genuine,0,0,0,1,0,0.012353,0.095745,Escalate,FP,2300
831,Genuine,0,0,0,1,1,0.012353,0.002128,Pay,TN,300
832,Compromised,1,1,0,1,0,0.62522,0.940309,Escalate,TP,300
833,Genuine,0,0,0,1,1,0.012353,0.002128,Pay,TN,300
834,Genuine,0,0,0,1,1,0.012353,0.002128,Pay,TN,300
835,Genuine,0,0,0,1,1,0.012353,0.002128,Pay,TN,300
836,Genuine,0,0,0,1,1,0.012353,0.002128,Pay,TN,300
837,Compromised,1,1,0,1,0,0.62522,0.940309,Escalate,TP,300
838,Compromised,1,1,0,1,0,0.62522,0.940309,Escalate,TP,300
839,Genuine,0,0,0,1,1,0.012353,0.002128,Pay,TN,300
840,Genuine,0,0,0,1,0,0.012353,0.095745,Escalate,FP,2300
841,Genuine,0,0,0,1,1,0.012353,0.002128,Pay,TN,300
842,Genuine,0,0,0,1,1,0.012353,0.002128,Pay,TN,300
843,Genuine,0,0,0,1,1,0.012353,0.002128,Pay,TN,300
844,Genuine,0,0,0,1,1,0.012353,0.002128,Pay,TN,300
845,Genuine,0,0,0,1,0,0.012353,0.095745,Escalate,FP,2300
846,Genuine,0,1,0,1,1,0.62522,0.093602,Escalate,FP,2300
847,Genuine,0,0,0,1,1,0.012353,0.002128,Pay,TN,300
848,Genuine,0,0,0,1,1,0.012353,0.002128,Pay,TN,300
849,Genuine,0,0,0,1,1,0.012353,0.002128,Pay,TN,300
850,Genuine,0,0,0,1,1,0.012353,0.002128,Pay,TN,300
851,Genuine,0,0,0,1,1,0.012353,0.002128,Pay,TN,300
852,Something else,1,1,0,1,1,0.62522,0.093602,Escalate,TP,300
853,Genuine,0,0,0,1,1,0.012353,0.002128,Pay,TN,300
854,Genuine,0,0,0,1,1,0.012353,0.002128,Pay,TN,300
855,Genuine,0,0,0,1,1,0.012353,0.002128,Pay,TN,300
856,Genuine,0,0,0,1,1,0.012353,0.002128,Pay,TN,300
857,Genuine,0,0,0,1,1,0.012353,0.002128,Pay,TN,300
858,Genuine,0,0,0,1,1,0.012353,0.002128,Pay,TN,300
859,Genuine,0,0,0,1,1,0.012353,0.002128,Pay,TN,300
860,Genuine,0,0,0,1,1,0.012353,0.002128,Pay,TN,300
861,Genuine,0,0,0,1,1,0.012353,0.002128,Pay,TN,300
862,Genuine,0,0,0,1,1,0.012353,0.002128,Pay,TN,300
863,Genuine,0,0,0,1,1,0.012353,0.002128,Pay,TN,300
864,Genuine,0,0,0,1,1,0.012353,0.002128,Pay,TN,300
865,Genuine,0,0,0,1,0,0.012353,0.095745,Escalate,FP,2300
866,Genuine,0,1,0,1,0,0.62522,0.940309,Escalate,FP,2300
867,Genuine,0,0,0,1,1,0.012353,0.002128,Pay,TN,300
868,Genuine,0,0,0,1,1,0.012353,0.002128,Pay,TN,300
869,Genuine,0,0,0,1,1,0.012353,0.002128,Pay,TN,300
870,Genuine,0,0,0,1,1,0.012353,0.002128,Pay,TN,300
871,Genuine,0,0,0,1,1,0.012353,0.002128,Pay,TN,300
872,Genuine,0,1,0,1,1,0.62522,0.093602,Escalate,FP,2300
873,Genuine,0,0,0,1,1,0.012353,0.002128,Pay,TN,300
874,Compromised,1,1,0,1,0,0.62522,0.940309,Escalate,TP,300
875,Genuine,0,0,0,1,1,0.012353,0.002128,Pay,TN,300
876,Compromised,1,1,0,1,0,0.62522,0.940309,Escalate,TP,300
877,Genuine,0,0,0,1,0,0.012353,0.095745,Escalate,FP,2300
878,Genuine,0,0,0,1,1,0.012353,0.002128,Pay,TN,300
879,Genuine,0,0,0,1,1,0.012353,0.002128,Pay,TN,300
880,Genuine,0,0,0,1,0,0.012353,0.095745,Escalate,FP,2300
881,Genuine,0,0,0,1,1,0.012353,0.002128,Pay,TN,300
882,Genuine,0,0,0,1,1,0.012353,0.002128,Pay,TN,300
883,Genuine,0,0,0,1,1,0.012353,0.002128,Pay,TN,300
884,Insider,1,1,1,0,,1.0,1.0,Escalate,TP,0
885,Genuine,0,0,0,1,1,0.012353,0.002128,Pay,TN,300
886,Genuine,0,0,0,1,1,0.012353,0.002128,Pay,TN,300
887,Genuine,0,0,0,1,1,0.012353,0.002128,Pay,TN,300
888,Genuine,0,0,0,1,1,0.012353,0.002128,Pay,TN,300
889,Compromised,1,1,0,1,0,0.62522,0.940309,Escalate,TP,300
890,Insider,1,1,1,0,,1.0,1.0,Escalate,TP,0
891,Genuine,0,0,0,1,1,0.012353,0.002128,Pay,TN,300
892,Genuine,0,0,0,1,1,0.012353,0.002128,Pay,TN,300
893,Genuine,0,0,0,1,1,0.012353,0.002128,Pay,TN,300
894,Genuine,0,0,0,1,1,0.012353,0.002128,Pay,TN,300
895,Genuine,0,0,0,1,1,0.012353,0.002128,Pay,TN,300
896,Genuine,0,0,0,1,1,0.012353,0.002128,Pay,TN,300
897,Genuine,0,0,0,1,1,0.012353,0.002128,Pay,TN,300
898,Genuine,0,0,0,1,1,0.012353,0.002128,Pay,TN,300
899,Genuine,0,0,0,1,1,0.012353,0.002128,Pay,TN,300
900,Genuine,0,0,0,1,1,0.012353,0.002128,Pay,TN,300
901,Genuine,0,1,0,1,1,0.62522,0.093602,Escalate,FP,2300
902,Genuine,0,0,0,1,1,0.012353,0.002128,Pay,TN,300
903,Genuine,0,0,0,1,1,0.012353,0.002128,Pay,TN,300
904,Genuine,0,0,0,1,1,0.012353,0.002128,Pay,TN,300
905,Impersonation,1,1,1,0,,1.0,1.0,Escalate,TP,0
906,Genuine,0,0,0,1,0,0.012353,0.095745,Escalate,FP,2300
907,Genuine,0,0,0,1,1,0.012353,0.002128,Pay,TN,300
908,Impersonation,1,1,1,0,,1.0,1.0,Escalate,TP,0
909,Genuine,0,0,0,1,1,0.012353,0.002128,Pay,TN,300
910,Genuine,0,0,0,1,1,0.012353,0.002128,Pay,TN,300
911,Compromised,1,1,0,1,0,0.62522,0.940309,Escalate,TP,300
912,Impersonation,1,1,1,0,,1.0,1.0,Escalate,TP,0
913,Impersonation,1,0,1,0,,1.0,1.0,Escalate,TP,0
914,Genuine,0,0,0,1,1,0.012353,0.002128,Pay,TN,300
915,Genuine,0,0,0,1,1,0.012353,0.002128,Pay,TN,300
916,Impersonation,1,1,1,0,,1.0,1.0,Escalate,TP,0
917,Genuine,0,0,0,1,1,0.012353,0.002128,Pay,TN,300
918,Insider,1,1,0,1,0,0.62522,0.940309,Escalate,TP,300
919,Genuine,0,0,0,1,1,0.012353,0.002128,Pay,TN,300
920,Genuine,0,0,0,1,1,0.012353,0.002128,Pay,TN,300
921,Genuine,0,0,0,1,1,0.012353,0.002128,Pay,TN,300
922,Genuine,0,0,0,1,1,0.012353,0.002128,Pay,TN,300
923,Genuine,0,0,0,1,1,0.012353,0.002128,Pay,TN,300
924,Genuine,0,0,0,1,1,0.012353,0.002128,Pay,TN,300
925,Genuine,0,0,0,1,1,0.012353,0.002128,Pay,TN,300
926,Genuine,0,0,0,1,1,0.012353,0.002128,Pay,TN,300
927,Genuine,0,0,0,1,1,0.012353,0.002128,Pay,TN,300
928,Genuine,0,0,0,1,0,0.012353,0.095745,Escalate,FP,2300
929,Genuine,0,0,0,1,1,0.012353,0.002128,Pay,TN,300
930,Genuine,0,1,0,1,1,0.62522,0.093602,Escalate,FP,2300
931,Genuine,0,0,0,1,0,0.012353,0.095745,Escalate,FP,2300
932,Genuine,0,0,0,1,1,0.012353,0.002128,Pay,TN,300
933,Genuine,0,0,0,1,1,0.012353,0.002128,Pay,TN,300
934,Genuine,0,0,0,1,1,0.012353,0.002128,Pay,TN,300
935,Genuine,0,0,0,1,1,0.012353,0.002128,Pay,TN,300
936,Genuine,0,0,0,1,1,0.012353,0.002128,Pay,TN,300
937,Genuine,0,0,0,1,1,0.012353,0.002128,Pay,TN,300
938,Genuine,0,0,0,1,1,0.012353,0.002128,Pay,TN,300
939,Genuine,0,0,0,1,1,0.012353,0.002128,Pay,TN,300
940,Genuine,0,0,0,1,1,0.012353,0.002128,Pay,TN,300
941,Genuine,0,0,0,1,1,0.012353,0.002128,Pay,TN,300
942,Genuine,0,0,0,1,1,0.012353,0.002128,Pay,TN,300
943,Genuine,0,0,0,1,0,0.012353,0.095745,Escalate,FP,2300
944,Genuine,0,0,0,1,1,0.012353,0.002128,Pay,TN,300
945,Genuine,0,0,0,1,1,0.012353,0.002128,Pay,TN,300
946,Impersonation,1,1,1,0,,1.0,1.0,Escalate,TP,0
947,Impersonation,1,0,1,0,,1.0,1.0,Escalate,TP,0
948,Genuine,0,0,0,1,1,0.012353,0.002128,Pay,TN,300
949,Genuine,0,0,0,1,1,0.012353,0.002128,Pay,TN,300
950,Compromised,1,1,0,1,0,0.62522,0.940309,Escalate,TP,300
951,Genuine,0,0,0,1,1,0.012353,0.002128,Pay,TN,300
952,Genuine,0,0,0,1,1,0.012353,0.002128,Pay,TN,300
953,Genuine,0,0,0,1,1,0.012353,0.002128,Pay,TN,300
954,Insider,1,1,0,1,0,0.62522,0.940309,Escalate,TP,300
955,Genuine,0,0,0,1,1,0.012353,0.002128,Pay,TN,300
956,Genuine,0,0,0,1,1,0.012353,0.002128,Pay,TN,300
957,Genuine,0,0,0,1,1,0.012353,0.002128,Pay,TN,300
958,Genuine,0,0,0,1,1,0.012353,0.002128,Pay,TN,300
959,Genuine,0,0,0,1,1,0.012353,0.002128,Pay,TN,300
960,Genuine,0,0,0,1,0,0.012353,0.095745,Escalate,FP,2300
961,Genuine,0,0,0,1,1,0.012353,0.002128,Pay,TN,300
962,Genuine,0,0,0,1,1,0.012353,0.002128,Pay,TN,300
963,Genuine,0,0,0,1,1,0.012353,0.002128,Pay,TN,300
964,Genuine,0,0,0,1,1,0.012353,0.002128,Pay,TN,300
965,Genuine,0,0,0,1,1,0.012353,0.002128,Pay,TN,300
966,Genuine,0,0,0,1,1,0.012353,0.002128,Pay,TN,300
967,Genuine,0,1,0,1,1,0.62522,0.093602,Escalate,FP,2300
968,Impersonation,1,1,1,0,,1.0,1.0,Escalate,TP,0
969,Compromised,1,1,0,1,0,0.62522,0.940309,Escalate,TP,300
970,Genuine,0,0,0,1,1,0.012353,0.002128,Pay,TN,300
971,Genuine,0,0,0,1,1,0.012353,0.002128,Pay,TN,300
972,Compromised,1,0,0,1,0,0.012353,0.095745,Escalate,TP,300
973,Genuine,0,0,0,1,1,0.012353,0.002128,Pay,TN,300
974,Genuine,0,0,0,1,1,0.012353,0.002128,Pay,TN,300
975,Genuine,0,0,0,1,0,0.012353,0.095745,Escalate,FP,2300
976,Genuine,0,0,0,1,1,0.012353,0.002128,Pay,TN,300
977,Genuine,0,0,0,1,1,0.012353,0.002128,Pay,TN,300
978,Genuine,0,1,0,1,1,0.62522,0.093602,Escalate,FP,2300
979,Genuine,0,0,0,1,1,0.012353,0.002128,Pay,TN,300
980,Genuine,0,0,0,1,1,0.012353,0.002128,Pay,TN,300
981,Genuine,0,0,0,1,1,0.012353,0.002128,Pay,TN,300
982,Genuine,0,0,0,1,1,0.012353,0.002128,Pay,TN,300
983,Genuine,0,0,0,1,1,0.012353,0.002128,Pay,TN,300
984,Genuine,0,0,0,1,1,0.012353,0.002128,Pay,TN,300
985,Genuine,0,0,0,1,1,0.012353,0.002128,Pay,TN,300
986,Genuine,0,0,0,1,1,0.012353,0.002128,Pay,TN,300
987,Genuine,0,0,0,1,1,0.012353,0.002128,Pay,TN,300
988,Genuine,0,0,0,1,1,0.012353,0.002128,Pay,TN,300
989,Genuine,0,0,0,1,1,0.012353,0.002128,Pay,TN,300
990,Genuine,0,0,0,1,1,0.012353,0.002128,Pay,TN,300
991,Genuine,0,0,0,1,0,0.012353,0.095745,Escalate,FP,2300
992,Genuine,0,0,0,1,1,0.012353,0.002128,Pay,TN,300
993,Genuine,0,0,0,1,1,0.012353,0.002128,Pay,TN,300
994,Genuine,0,0,0,1,1,0.012353,0.002128,Pay,TN,300
995,Genuine,0,1,0,1,1,0.62522,0.093602,Escalate,FP,2300
996,Genuine,0,0,0,1,1,0.012353,0.002128,Pay,TN,300
997,Genuine,0,0,0,1,1,0.012353,0.002128,Pay,TN,300
998,Genuine,0,0,0,1,1,0.012353,0.002128,Pay,TN,300
999,Genuine,0,0,0,1,1,0.012353,0.002128,Pay,TN,300
1000,Compromised,1,1,0,1,0,0.62522,0.940309,Escalate,TP,300
